{"stats":{"minecraft:used":{"minecraft:dirt":3,"minecraft:mace":6,"minecraft:grass_block":1},"minecraft:custom":{"minecraft:time_since_rest":29403,"minecraft:sprint_one_cm":13340,"minecraft:play_time":29403,"minecraft:damage_taken":200,"minecraft:walk_one_cm":13412,"minecraft:sneak_time":94,"minecraft:walk_under_water_one_cm":101,"minecraft:mob_kills":1,"minecraft:drop":6,"minecraft:jump":77,"minecraft:damage_dealt":388,"minecraft:leave_game":3,"minecraft:walk_on_water_one_cm":683,"minecraft:time_since_death":29403,"minecraft:total_world_time":29403,"minecraft:talked_to_villager":1,"minecraft:swim_one_cm":810,"minecraft:fall_one_cm":3925,"minecraft:fly_one_cm":72751,"minecraft:player_kills":1},"minecraft:killed":{"minecraft:zombie":1},"minecraft:picked_up":{"minecraft:rotten_flesh":1,"minecraft:wheat_seeds":1,"minecraft:oak_log":1,"minecraft:dirt":67},"minecraft:mined":{"minecraft:short_grass":5,"minecraft:grass_block":2,"minecraft:oak_log":1,"minecraft:dirt":64,"minecraft:oak_leaves":1},"minecraft:dropped":{"minecraft:rotten_flesh":1,"minecraft:dirt":64,"minecraft:mace":1,"minecraft:wheat_seeds":1,"minecraft:oak_log":1,"minecraft:grass_block":1}},"DataVersion":3953}