{"stats":{"minecraft:picked_up":{"minecraft:rotten_flesh":1,"minecraft:oak_log":1,"minecraft:dirt":3},"minecraft:used":{"minecraft:dirt":3,"minecraft:mace":6,"minecraft:grass_block":1},"minecraft:killed":{"minecraft:zombie":1},"minecraft:mined":{"minecraft:short_grass":5,"minecraft:grass_block":2,"minecraft:oak_log":1,"minecraft:oak_leaves":1},"minecraft:custom":{"minecraft:time_since_rest":23316,"minecraft:sprint_one_cm":10654,"minecraft:play_time":23316,"minecraft:damage_taken":200,"minecraft:walk_one_cm":10298,"minecraft:sneak_time":23,"minecraft:mob_kills":1,"minecraft:jump":62,"minecraft:damage_dealt":388,"minecraft:leave_game":2,"minecraft:time_since_death":23316,"minecraft:total_world_time":23316,"minecraft:fall_one_cm":3925,"minecraft:fly_one_cm":14224,"minecraft:player_kills":1}},"DataVersion":3953}