{"stats":{"minecraft:used":{"minecraft:dirt":1},"minecraft:picked_up":{"minecraft:dirt":1},"minecraft:custom":{"minecraft:jump":18,"minecraft:time_since_rest":11493,"minecraft:leave_game":1,"minecraft:sprint_one_cm":5928,"minecraft:play_time":11493,"minecraft:time_since_death":11493,"minecraft:walk_one_cm":1634,"minecraft:total_world_time":11493,"minecraft:fall_one_cm":420,"minecraft:fly_one_cm":4283},"minecraft:mined":{"minecraft:short_grass":4,"minecraft:grass_block":1,"minecraft:oak_leaves":1}},"DataVersion":3953}