{"stats":{"minecraft:picked_up":{"minecraft:wheat_seeds":1,"minecraft:oak_log":1,"minecraft:dirt":3},"minecraft:used":{"minecraft:oak_log":1,"minecraft:dirt":2},"minecraft:killed_by":{"minecraft:player":1},"minecraft:mined":{"minecraft:short_grass":2,"minecraft:grass_block":2,"minecraft:oak_log":1,"minecraft:dirt":2},"minecraft:custom":{"minecraft:time_since_rest":2524,"minecraft:walk_one_cm":20342,"minecraft:crouch_one_cm":199,"minecraft:play_time":4674,"minecraft:sprint_one_cm":7942,"minecraft:damage_taken":487,"minecraft:deaths":1,"minecraft:sneak_time":23,"minecraft:jump":35,"minecraft:damage_dealt":58,"minecraft:leave_game":1,"minecraft:time_since_death":2484,"minecraft:total_world_time":4674,"minecraft:fall_one_cm":878,"minecraft:fly_one_cm":2414}},"DataVersion":3953}